"Abbie", "
Abigail", "
Ada", "
Adela", "
Adelaide", "
Adele", "
Adeline", "
Agatha", "
Agnes", "
Aileen", "
Aimee", "
Alana", "
Alberta", "
Alexandra", "
Alexia", "
Alice", "
Alicia", "
Alison", "
Allyn", "
Alma", "
Amanda", "
Amber", "
Amelia", "
Amy", "
Ana", "
Anastasia", "
Andrea", "
Angela", "
Angelia", "
Angelica", "
Angelina", "
Anita", "
Ann", "
Anna", "
Annabel", "
Annabella", "
Annabelle", "
Anne", "
Annie", "
Anthonia", "
Antonia", "
April", "
Arabella", "
Ariel", "
Arlene", "
Ashley", "
Audrey", "
Augusta", "
Aurelia", "
Averil", "
Avril", "
Barbara", "
Beatrice", "
Beatrix", "
Becky", "
Belinda", "
Bella", "
Bertha", "
Bethany", "
Betty", "
Beverley", "
Beverly", "
Blythe", "
Bonnie", "
Brenda", "
Brianna", "
Bridget", "
Britney", "
Brittany", "
Calista", "
Cameron", "
Camilla", "
Carey", "
Carla", "
Carlie", "
Carol", "
Carolina", "
Caroline", "
Carolyn", "
Casey", "
Cassie", "
Catherine", "
Cecilia", "
Cecily", "
Celeste", "
Charlie", "
Charlotte", "
Chelsea", "
Cherie", "
Cherry", "
Cheryl", "
Chloe", "
Christiana", "
Christina", "
Christine", "
Cindy", "
Claire", "
Clara", "
Clarice", "
Clarissa", "
Claudia", "
Clementine", "
Colleen", "
Connie", "
Constance", "
Cordelia", "
Corinna", "
Corrie", "
Courtney", "
Crystal", "
Cyndy", "
Cynthia", "
Dahlia", "
Daisy", "
Dana", "
Danielle", "
Daphne", "
Darcey", "
Darcy", "
Darla", "
Darleen", "
Darlene", "
Deanna", "
Debbie", "
Deborah", "
Debra", "
Deirdre", "
Delia", "
Denise", "
Diana", "
Diane", "
Dianne", "
Dolly", "
Dolores", "
Donna", "
Dora", "
Doreen", "
Doris", "
Dorothea", "
Dorothy", "
Dulcie", "
Earlene", "
Eden", "
Edith", "
Edythe", "
Eileen", "
Elaine", "
Eleanor", "
Eleanora", "
Elinor", "
Elisabeth", "
Eliza", "
Elizabeth", "
Ella", "
Ellen", "
Ellie", "
Eloise", "
Elsie", "
Emilia", "
Emily", "
Emma", "
Emmeline", "
Emmy", "
Enola", "
Erica", "
Erika", "
Erin", "
Esmeralda", "
Estelle", "
Esther", "
Ethel", "
Eugenie", "
Eunice", "
Euphemia", "
Eva", "
Evangeline", "
Eve", "
Evelyn", "
Evie", "
Fannie", "
Felicia", "
Fiona", "
Flora", "
Florence", "
Frances", "
Frederica", "
Gabriella", "
Gail", "
Gemma", "
Genevieve", "
Georgia", "
Georgiana", "
Georgina", "
Geraldine", "
Gerry", "
Gertrude", "
Gillian", "
Ginger", "
Gladys", "
Glenda", "
Gloria", "
Gloriana", "
Grace", "
Greta", "
Gwyneth", "
Hanna", "
Hannah", "
Harriet", "
Harriette", "
Hazel", "
Heather", "
Helen", "
Helena", "
Heloise", "
Henrietta", "
Hermione", "
Hester", "
Hilary", "
Hilda", "
Hillary", "
Holly", "
Irene", "
Iris", "
Isabel", "
Isadora", "
Ivy", "
Jackie", "
Jacqueline", "
Jade", "
Jaime", "
Jamie", "
Jane", "
Janet", "
Janice", "
Janie", "
Jasmin", "
Jasmine", "
Jean", "
Jeanette", "
Jeannie", "
Jenna", "
Jennie", "
Jennifer", "
Jenny", "
Jessica", "
Jessie", "
Joan", "
Joann", "
Joanna", "
Joanne", "
Jocelyn", "
Jodie", "
Jody", "
Johanna", "
Jordan", "
Josephine", "
Joyce", "
Judith", "
Judy", "
Julia", "
Juliana", "
Julianne", "
Julie", "
Juliet", "
Juliette", "
June", "
Justina", "
Justine", "
Karen", "
Karly", "
Kate", "
Katherine", "
Kathleen", "
Kathryn", "
Kathy", "
Katie", "
Katrina", "
Kay", "
Kaylee", "
Kayleigh", "
Keeley", "
Kelly", "
Kim", "
Kimberly", "
Kitty", "
Kristin", "
Kyla", "
Laila", "
Lana", "
Lara", "
Laura", "
Laurel", "
Lauren", "
Laurie", "
Layla", "
Leah", "
Leila", "
Leonora", "
Leslie", "
Leyla", "
Libby", "
Lila", "
Lillian", "
Lily", "
Linda", "
Lindsay", "
Lindsey", "
Lisa", "
Lola", "
Loretta", "
Lorna", "
Lottie", "
Louisa", "
Louise", "
Lucia", "
Lucille", "
Lucinda", "
Lucy", "
Lydia", "
Lyla", "
Lynette", "
Mabel", "
Madeleine", "
Madeline", "
Madelyn", "
Maisie", "
Malvina", "
Marcia", "
Margaret", "
Margery", "
Margot", "
Maria", "
Mariah", "
Marian", "
Marianne", "
Marie", "
Marilyn", "
Marion", "
Marjorie", "
Marlene", "
Martha", "
Martina", "
Mary", "
Mathilda", "
Matilda", "
Maureen", "
Mavis", "
Maxine", "
May", "
Melanie", "
Melinda", "
Melissa", "
Melody", "
Mercedes", "
Mercy", "
Meredith", "
Mia", "
Michaela", "
Michele", "
Michelle", "
Mildred", "
Mina", "
Minnie", "
Mirabel", "
Mirabelle", "
Miranda", "
Miriam", "
Moira", "
Mollie", "
Molly", "
Monica", "
Monique", "
Morgan", "
Muriel", "
Myra", "
Nadia", "
Nadine", "
Nancy", "
Naomi", "
Natalia", "
Natalie", "
Nell", "
Nellie", "
Nelly", "
Nichola", "
Nichole", "
Nicola", "
Nicole", "
Nina", "
Noelle", "
Nora", "
Noreen", "
Norma", "
Olive", "
Olivia", "
Ophelia", "
Oriana", "
Pamela", "
Pansy", "
Pat", "
Patrice", "
Patricia", "
Patsy", "
Patty", "
Paula", "
Paulina", "
Pauline", "
Pearl", "
Penelope", "
Philippa", "
Phoebe", "
Phyllis", "
Polly", "
Priscilla", "
Rachel", "
Ramona", "
Rebecca", "
Regina", "
Rita", "
Roberta", "
Robin", "
Romy", "
Rosa", "
Rosanne", "
Rose", "
Rosemary", "
Rosie", "
Ruby", "
Ruth", "
Sabrina", "
Sadie", "
Sally", "
Sam", "
Samantha", "
Sandra", "
Sandy", "
Sara", "
Sarah", "
Savannah", "
Scarlett", "
Selina", "
Selma", "
Seraphina", "
Serena", "
Shannon", "
Sharon", "
Shauna", "
Sheila", "
Sherry", "
Shirley", "
Sibyl", "
Sidney", "
Sonia", "
Sophia", "
Sophie", "
Stacy", "
Stella", "
Stephanie", "
Susan", "
Susanna", "
Susie", "
Sybil", "
Sylvia", "
Tabatha", "
Tabitha", "
Tamara", "
Tammy", "
Tara", "
Terry", "
Thelma", "
Theodora", "
Theresa", "
Tiffany", "
Tina", "
Tracy", "
Ursula", "
Valerie", "
Vanessa", "
Vera", "
Veronica", "
Victoria", "
Viola", "
Violet", "
Virginia", "
Vivian", "
Vivienne", "
Wanda", "
Wendy", "
Wilhelmina", "
Yolanda", "
Yvette", "
Yvonne", "
Zara", "
Zoe", "
Adelheid", "
Agnes", "
Albertina", "
Aldegonda", "
Aleid", "
Aleida"
