"Aaron", "
Abbey", "
Abbington", "
Abbot", "
Abbott", "
Abel", "
Abercrombie", "
Abernethy", "
Abington", "
Ace", "
Acheson", "
Acker", "
Ackerson", "
Ackroyd", "
Acland", "
Acton", "
Adams", "
Adamson", "
Adcock", "
Addington", "
Addinsell", "
Addison", "
Addy", "
Adinton", "
Adkins", "
Adlam", "
Adrian", "
Ager", "
Agnew", "
Agutter", "
Ahearne", "
Aidan", "
Ailey", "
Aimers", "
Ainsworth", "
Airey", "
Airy", "
Aitken", "
Albarn", "
Albright", "
Alcock", "
Alcott", "
Alderson", "
Aldington", "
Aldis", "
Aldiss", "
Aldrich", "
Aldridge", "
Alexander", "
Alford", "
Algren", "
Allan", "
Allen", "
Allenby", "
Allingham", "
Allison", "
Allport", "
Allston", "
Almond", "
Ambler", "
Amery", "
Ames", "
Amherst", "
Amis", "
Anderson", "
Andrews", "
Angell", "
Ankerson", "
Annakin", "
Anthony", "
Anvil", "
Appleby", "
Applegarth", "
Appleton", "
Appleyard", "
Archer", "
Archibald", "
Aris", "
Arkin", "
Arkwright", "
Arliss", "
Armitage", "
Armstrong", "
Arne", "
Arnett", "
Arnold", "
Arterton", "
Arthur", "
Arthurs", "
Ascham", "
Ashbery", "
Ashburton", "
Ashby", "
Ashcroft", "
Asher", "
Ashfield", "
Ashley", "
Ashton", "
Asquith", "
Astley", "
Aston", "
Astor", "
Atkins", "
Atkinson", "
Attenborough", "
Attlee", "
Attwell", "
Attwood", "
Aubrey", "
Auden", "
Audsley", "
Audubon", "
Austin", "
Avallone", "
Aveling", "
Avery", "
Avory", "
Awdry", "
Aynsley", "
Ayrton", "
Babbage", "
Babbington", "
Backley", "
Bacon", "
Bagehot", "
Bagley", "
Bagwell", "
Bailey", "
Baily", "
Bain", "
Baines", "
Baird", "
Baker", "
Balbirnie", "
Baldwin", "
Bale", "
Balfe", "
Balfour", "
Ball", "
Ballard", "
Balliol", "
Bamber", "
Banes", "
Banfield", "
Bankes", "
Banks", "
Bannerman", "
Bannister", "
Bantock", "
Barbour", "
Barclay", "
Baring", "
Barker", "
Barks", "
Barlow", "
Barlowe", "
Barnard", "
Barnes", "
Barnett", "
Barr", "
Barraclough", "
Barrett", "
Barrie", "
Barrington", "
Barron", "
Barry", "
Barth", "
Bartlett", "
Barton", "
Baskerville", "
Bassett", "
Batchelor", "
Bates", "
Bateson", "
Battle", "
Bax", "
Baxter", "
Bayly", "
Beaconsfield", "
Beadon", "
Beale", "
Beamont", "
Bean", "
Beanland", "
Beardsley", "
Beaton", "
Beattie", "
Beatty", "
Beaumont", "
Beck", "
Becket", "
Beckett", "
Beckford", "
Beckham", "
Beckles", "
Beckley", "
Beckwith", "
Beddoe", "
Bedford", "
Beecham", "
Belew", "
Bell", "
Bellamy", "
Bellnap", "
Benfield", "
Benjamin", "
Bennett", "
Bennington", "
Benson", "
Bent", "
Bentham", "
Bentley", "
Beresford", "
Bergin", "
Bergson", "
Berkeley", "
Berkley", "
Berners", "
Berry", "
Berufort", "
Besant", "
Bessemer", "
Best", "
Bettany", "
Bevan", "
Beverley", "
Beverly", "
Bevin", "
Beynon", "
Bigod", "
Billingham", "
Bimiller", "
Bingham", "
Bingley", "
Bird", "
Birkin", "
Birley", "
Birtwistle", "
Bishop", "
Bixby", "
Black", "
Blackburn", "
Blackman", "
Blackmore", "
Blackstone", "
Blackwell", "
Blackwood", "
Blagden", "
Blain", "
Blair", "
Blake", "
Blakeley", "
Blaze", "
Blethyn", "
Bliss", "
Blow", "
Blythe", "
Blyther", "
Blyton", "
Board", "
Bogard", "
Bohun", "
Boldwin", "
Boleyne", "
Bolger", "
Bollan", "
Bolton", "
Bonar", "
Bond", "
Bonham", "
Bonnet", "
Boore", "
Booth", "
Borman", "
Borrow", "
Bott", "
Boucher", "
Boughton", "
Boult", "
Bound", "
Bourne", "
Bousfield", "
Bowe", "
Bowen", "
Bower", "
Bowles", "
Bowman", "
Bowyer", "
Boxer", "
Boyce", "
Boyd", "
Boydell", "
Boyett", "
Boyle", "
Brackley", "
Bradburn", "
Bradford", "
Bradlaugh", "
Bradley", "
Bradshaw", "
Bradwell", "
Brady", "
Bragg", "
Braham", "
Brain", "
Branagh", "
Brandner", "
Branson", "
Braose", "
Braun", "
Brawn", "
Brayham", "
Brazier", "
Brealey", "
Bream", "
Breen", "
Breese", "
Breeze", "
Brembre", "
Brenan", "
Brennan", "
Brett", "
Brewster", "
Brice", "
Brick", "
Bridge", "
Bridges", "
Briers", "
Brightman", "
Brighton", "
Brightwell", "
Brindle", "
Brinkley", "
Brinton", "
Bristol", "
Britten", "
Broadbent", "
Broadhurst", "
Brock", "
Brocklebank", "
Broderick", "
Brodrick", "
Bromley", "
Bronson", "
Brook", "
Brooke", "
Brooks", "
Brophy", "
Broughton", "
Brown", "
Browne", "
Browning", "
Bruce", "
Bruford", "
Brunning", "
Bruton", "
Bryant", "
Bryce", "
Buchanan", "
Buckingham", "
Buckland", "
Buckle", "
Buckley", "
Budd", "
Bugg", "
Buggy", "
Bull", "
Bullock", "
Bunbury", "
Bunch", "
Burden", "
Burgess", "
Burke", "
Burkitt", "
Burleigh", "
Burnett", "
Burns", "
Burr", "
Burrell", "
Burris", "
Burroughs", "
Burrows", "
Burt", "
Burton", "
Busby", "
Bush", "
Bussell", "
Butler", "
Butterfield", "
Byatt", "
Byrd", "
Byrne", "
Byron", "
Cabot", "
Cadbury", "
Cade", "
Cadogan", "
Cage", "
Cahill", "
Caine", "
Caird", "
Calder", "
Caldwell", "
Callaghan", "
Callow", "
Calvert", "
Cambell", "
Camden", "
Cameron", "
Campbell", "
Campian", "
Campion", "
Camps", "
Cannadine", "
Canning", "
Card", "
Cardiff", "
Carey", "
Carleton", "
Carlin", "
Carlisle", "
Carlton", "
Carlyle", "
Carnall", "
Carnegie", "
Carr", "
Carrack", "
Carrington", "
Carrol", "
Carroll", "
Carson", "
Carter", "
Cartlidge", "
Cartpenter", "
Cartwright", "
Carvel", "
Carvell", "
Cary", "
Case", "
Casey", "
Cashman", "
Cassells", "
Cattermole", "
Cattrall", "
Cavendish", "
Cavill", "
Caxton", "
Cayford", "
Cayley", "
Cecil", "
Chad", "
Challis", "
Chamberlain", "
Chambers", "
Chandler", "
Chapman", "
Charlton", "
Charnley", "
Chatwin", "
Chaucer", "
Chauncey", "
Cheers", "
Chenoweth", "
Cheshire", "
Chesterton", "
Chichester", "
Child", "
Childs", "
Chipchase", "
Christie", "
Church", "
Churchill", "
Citrine", "
Clackson", "
Clapton", "
Clark", "
Clarke", "
Clay", "
Clayton", "
Cleaves", "
Cleese", "
Clegg", "
Cleland", "
Cleobury", "
Clerihew", "
Cleveland", "
Cleverley", "
Clifford", "
Clifton", "
Clinton", "
Clive", "
Close", "
Clough", "
Coates", "
Cobbett", "
Cockburn", "
Cocker", "
Codd", "
Coen", "
Coffey", "
Colbourne", "
Cole", "
Coleman", "
Coleridge", "
Coles", "
Colet", "
Colkett", "
Colledge", "
Collett", "
Colley", "
Collier", "
Collins", "
Collinson", "
Colman", "
Colquhoun", "
Colyer", "
Comerford", "
Comyn", "
Conaghan", "
Condren", "
Coney", "
Conlon", "
Connelly", "
Connery", "
Connick", "
Connolly", "
Connor", "
Conquest", "
Conrad", "
Conroy", "
Considine", "
Coogan", "
Cook", "
Cooke", "
Coomes", "
Cooper", "
Cope", "
Copland", "
Coppard", "
Copperfield", "
Corbett", "
Cork", "
Cormack", "
Cornell", "
Cornes", "
Cornish", "
Cornwell", "
Corrie", "
Corrigan", "
Coughlin", "
Coulfield", "
Coulson", "
Coulthard", "
Court", "
Courtenay", "
Cousins", "
Coverdale", "
Covington", "
Cowan", "
Coward", "
Cowen", "
Cowley", "
Cowling", "
Cowper", "
Cox", "
Coxon", "
Craig", "
Craine", "
Cram", "
Crammer", "
Crane", "
Craven", "
Crawford", "
Creagh", "
Creighton", "
Crenshaw", "
Crewe", "
Crewes", "
Cripps", "
Crocker", "
Crockford", "
Croft", "
Crofts", "
Croke", "
Crompton", "
Cromwell", "
Cronnelly", "
Crook", "
Crosbie", "
Crossley", "
Crowdey", "
Crowe", "
Crowley", "
Crowther", "
Croydon", "
Cruikshank", "
Crumb", "
Crystal", "
Cullen", "
Cumberbatch", "
Cunningham", "
Currie", "
Curry", "
Curtis", "
Curzon", "
Cushing", "
Cuthbertson", "
Cutter", "
d'Arcy", "
Daines", "
Daisley", "
Dale", "
Daley", "
Dallimore", "
Dalton", "
Daltrey", "
Damon", "
Dane", "
Danes", "
Daniel", "
Danvers", "
Darling", "
Darwin", "
Dashwood", "
Davenport", "
Davidson", "
Davies", "
Davis", "
Davison", "
Davy", "
Dawson", "
Day", "
Deacon", "
Deakin", "
Deamer", "
Dean", "
Decker", "
Deighton", "
Dekker", "
Delaney", "
Delany", "
Demery", "
Dempsey", "
Dench", "
Denham", "
Dennett", "
Dennis", "
Denny", "
Derby", "
Derbyshire", "
Desmond", "
Devlin", "
Devonish", "
Dew", "
Dewar", "
Dewey", "
Dexter", "
Dickens", "
Dickinson", "
Dickson", "
Dilke", "
Dill", "
Dillon", "
Dimbleby", "
Dineley", "
Dingley", "
Dirac", "
Diskin", "
Disley", "
Dixon", "
Dobson", "
Dockrill", "
Dodgson", "
Doherty", "
Dolan", "
Donaghy", "
Donaldson", "
Donne", "
Donnellon", "
Donnelly", "
Donovan", "
Douglas", "
Dowdall", "
Dowdeswell", "
Dowding", "
Dowell", "
Dowland", "
Dowling", "
Downer", "
Downes", "
Downing", "
Dowson", "
Doyle", "
Drabble", "
Drake", "
Dransfield", "
Draper", "
Drewett", "
Driscoll", "
Driver", "
Druitt", "
Drummond", "
Duckworth", "
Dudley", "
Duff", "
Duffield", "
Duffy", "
Dumville", "
Dunbar", "
Duncan", "
Dunford", "
Dunhill", "
Dunleavy", "
Dunlop", "
Dunn", "
Dunning", "
Dunstable", "
Durrell", "
Dyer", "
Dyson", "
Eagle", "
Eagleton", "
Ealdred", "
Eames", "
Earhart", "
Easdale", "
Easterbrook", "
Easton", "
Eaton", "
Eccles", "
Eccleston", "
Eckert", "
Eddington", "
Eddison", "
Eddowes", "
Eden", "
Edge", "
Edgeworth", "
Edison", "
Edkins", "
Edmonds", "
Edmundson", "
Edney", "
Edwards", "
Edwin", "
Effinger", "
Egan", "
Eggar", "
Eggleston", "
Eggleton", "
Eklund", "
Eldon", "
Eldred", "
Eley", "
Elgar", "
Elgin", "
Eliot", "
Elkin", "
Ellington", "
Elliot", "
Elliott", "
Ellis", "
Ellison", "
Ellsberg", "
Ellwood", "
Elman", "
Elmes", "
Elphinstone", "
Elton", "
Elwes", "
Ely", "
Embrey", "
Embury", "
Emerson", "
Emery", "
Emmet", "
Enfield", "
England", "
Englefield", "
English", "
Ennis", "
Entwistle", "
Erikson", "
Erskine", "
Esmond", "
Etchison", "
Etheridge", "
Etherington", "
Evans", "
Evarts", "
Evatt", "
Eveleigh", "
Everest", "
Everett", "
Ewing", "
Fairchild", "
Fairclough", "
Fairfield", "
Falconer", "
Fallon", "
Faraday", "
Farar", "
Farber", "
Farley", "
Farnaby", "
Farnham", "
Farnon", "
Farquhar", "
Farrell", "
Farrington", "
Faulcon", "
Fayrfax", "
Fearon", "
Featherstonehaugh", "
Fee", "
Felton", "
Fennelly", "
Ferguson", "
Ferrar", "
Ferris", "
Ferry", "
Fetherston", "
Field", "
Fielding", "
Fiennes", "
Figgis", "
Finch", "
Findlay", "
Finlay", "
Finley", "
Firestone", "
Firobisher", "
Firth", "
Fishburne", "
Fisher", "
FitzClarence", "
FitzGerald", "
FitzMaurice", "
FitzPatrick", "
FitzRoy", "
FitzSimmons", "
FitzSimons", "
Flaherty", "
Flamsteed", "
Flecker", "
Fleetwood", "
Fleming", "
Flemyng", "
Fletcher", "
Flint", "
Flockhart", "
Florence", "
Florey", "
Follett", "
Foot", "
Forbes", "
Ford", "
Forester", "
Forgus", "
Forster", "
Forsyth", "
Fortescue", "
Fortune", "
Foster", "
Foulds", "
Fowler", "
Fowles", "
Fox", "
Frampton", "
Francis", "
Franklin", "
Fraser", "
Freeman", "
Freemantle", "
Friday", "
Friel", "
Fripp", "
Frost", "
Froude", "
Fry", "
Fugler", "
Fuller", "
Fullerton", "
Furnivall", "
Gage", "
Gahan", "
Gainsborough", "
Gaitskell", "
Galbraith", "
Gale", "
Gallagher", "
Galloway", "
Galsworthy", "
Galton", "
Galvin", "
Galway", "
Garber", "
Gardener", "
Gardiner", "
Gardner", "
Garfield", "
Garland", "
Garnet", "
Garnett", "
Garrett", "
Garson", "
Gascoigne", "
Gascoyne", "
Gaster", "
Gatiss", "
Gaveston", "
Gawley", "
Gay", "
Gayson", "
Gazzard", "
Gee", "
George", "
Geraghty", "
German", "
Gettens", "
Gibbins", "
Gibbon", "
Gibbons", "
Gibbs", "
Gibney", "
Gibson", "
Giddens", "
Gielgud", "
Giles", "
Gillan", "
Gillett", "
Gillings", "
Gilmartin", "
Gilmore", "
Gilmour", "
Gilthorpe", "
Gimson", "
Girtin", "
Gissing", "
Gladstone", "
Glasspool", "
Gleeson", "
Glen", "
Glover", "
Goddard", "
Godolphin", "
Godrich", "
Godwin", "
Golbourn", "
Goldberg", "
Golding", "
Goldsmith", "
Goldsworthy", "
Golledge", "
Gooch", "
Goodall", "
Goode", "
Goodfellow", "
Goodgame", "
Goodwin", "
Gordon", "
Gore", "
Gorham", "
Gorry", "
Gorton", "
Gosling", "
Goss", "
Gough", "
Goulding", "
Gower", "
Grady", "
Grafton", "
Graham", "
Grant", "
Granville", "
Graves", "
Gray", "
Green", "
Greenaway", "
Greenbury", "
Greene", "
Greenfield", "
Greenhalgh", "
Greenhough", "
Greening", "
Greenwood", "
Gregory", "
Gregson", "
Grenfell", "
Grennell", "
Grenville", "
Gresham", "
Grewcock", "
Grey", "
Grierson", "
Griffin", "
Griffith", "
Griffiths", "
Grindey", "
Grint", "
Grocyn", "
Grosseteste", "
Grove", "
Groves", "
Gruber", "
Guest", "
Guiness", "
Guinness", "
Guises", "
Gulbenkian", "
Gunn", "
Gunnell", "
Gunter", "
Guthrie", "
Gutteridge", "
Guyler", "
Gwatkin", "
Gwilt", "
Gwyn", "
Gyle", "
Hack", "
Hacker", "
Hackman", "
Haddock", "
Haddon", "
Hadley", "
Haggard", "
Hailey", "
Haines", "
Hainsby", "
Haldane", "
Hale", "
Hales", "
Haley", "
Halford", "
Hall", "
Halley", "
Halliday", "
Hallows", "
Halmshaw", "
Halsall", "
Hambling", "
Hamer", "
Hamerton", "
Hamilton", "
Hammerton", "
Hammond", "
Hampson", "
Hampton", "
Hancock", "
Hand", "
Hanks", "
Hanretty", "
Hanson", "
Hansson", "
Harcourt", "
Hardcastle", "
Harding", "
Hardstaff", "
Hardy", "
Hare", "
Hargin", "
Hargreaves", "
Harington", "
Harlow", "
Harmsworth", "
Harness", "
Harper", "
Harries", "
Harrington", "
Harris", "
Harrison", "
Hart", "
Hartfield", "
Hartley", "
Hartnett", "
Hartshorne", "
Harvey", "
Haskell", "
Haslam", "
Hasluck", "
Hastings", "
Haswell", "
Hatcher", "
Hathaway", "
Hatson", "
Hatton", "
Hauksbee", "
Haviland", "
Hawken", "
Hawkey", "
Hawkins", "
Hawkyard", "
Hawley", "
Haworth", "
Hawthorne", "
Hawtrey", "
Hay", "
Hayden", "
Hayes", "
Haynes", "
Hays", "
Haythornthwaite", "
Hayward", "
Haywood", "
Hazeldine", "
Hazell", "
Headley", "
Healy", "
Heartfield", "
Heasman", "
Heath", "
Heathcoat", "
Heather", "
Heatley", "
Heaviside", "
Hegarty", "
Helson", "
Henderson", "
Henfrey", "
Henman", "
Hennig", "
Henrit", "
Henry", "
Henryson", "
Henshall", "
Hensley", "
Henwood", "
Hepburn", "
Herbert", "
Herriot", "
Herschel", "
Hervey", "
Hession", "
Heston", "
Hetherington", "
Hewitt", "
Heyes", "
Heywood", "
Hibbert", "
Hickey", "
Hicks", "
Hicky", "
Higginbotham", "
Higgins", "
Hill", "
Hilton", "
Hinchcliffe", "
Hinckley", "
Hinkley", "
Hinshelwood", "
Hinsley", "
Hiscock", "
Hitchcock", "
Hitchens", "
Hitchon", "
Hoare", "
Hodge", "
Hodges", "
Hodgkinson", "
Hoffman", "
Hogan", "
Hogarth", "
Holbein", "
Holborne", "
Holbrooke", "
Holden", "
Holdsworth", "
Holles", "
Hollingworth", "
Holloway", "
Holmes", "
Holst", "
Holyland", "
Home", "
Honeyball", "
Hooker", "
Hooper", "
Hopkins", "
Hopkinson", "
Hopper", "
Horgan", "
Hornby", "
Hornsby", "
Horsewood", "
Horwood", "
Hoskins", "
Houghton", "
Household", "
Housman", "
Houston", "
Howard", "
Howe", "
Howell", "
Howells", "
Howitt", "
Hoyle", "
Hubbard", "
Huddleston", "
Hudson", "
Huffington", "
Hughes", "
Hull", "
Hulme", "
Hume", "
Humfrey", "
Humphreys", "
Humphries", "
Humphry", "
Hungate", "
Hunt", "
Hunte", "
Hunter", "
Huntington", "
Hurd", "
Hurley", "
Hustler", "
Hutchings", "
Hutchinson", "
Hutson", "
Huttlestone", "
Hutton", "
Huxham", "
Huxley", "
Hyatt", "
Hyde", "
Hydon", "
Hyland", "
Hyndman", "
Idle", "
Ince", "
Inge", "
Ingleby", "
Inglis", "
Ingram", "
Inman", "
Inns", "
Ireland", "
Ireton", "
Irons", "
Irvine", "
Irving", "
Isaacs", "
Isherwood", "
Ives", "
Izzard", "
Jackman", "
Jackson", "
Jacobs", "
Jagger", "
James", "
Jamieson", "
Jarman", "
Jarvis", "
Jeffers", "
Jefferson", "
Jeffrey", "
Jeffreys", "
Jekyll", "
Jenkins", "
Jenkinson", "
Jenks", "
Jenner", "
Jibson", "
John", "
Johns", "
Johnson", "
Johnston", "
Johnstone", "
Jones", "
Jonson", "
Joplin", "
Jordan", "
Joseph", "
Joule", "
Joyce", "
Judge", "
Kavanagh", "
Kay", "
Kean", "
Kearney", "
Kearns", "
Keats", "
Keeley", "
Keen", "
Keenan", "
Keighley", "
Kellegher", "
Kellett", "
Kelly", "
Kemble", "
Kemp", "
Kendall", "
Kendrick", "
Kenna", "
Kennedy", "
Kennett", "
Kensit", "
Kent", "
Kerney", "
Kerr", "
Kersh", "
Kershaw", "
Keynes", "
Keys", "
Kidman", "
Kilner", "
Kimberley", "
Kimbery", "
Kincaid", "
King", "
Kingscote", "
Kingsley", "
Kingston", "
Kington", "
Kipling", "
Kirk", "
Kirkby", "
Kirkland", "
Kirkman", "
Kissack", "
Kissinger", "
Kitchen", "
Kneen", "
Knight", "
Knightley", "
Knolles", "
Knott", "
Knowland", "
Knowles", "
Knox", "
Kwouk", "
Laine", "
Laing", "
Laird", "
Lake", "
Lamb", "
Lambert", "
Lance", "
Lanchester", "
Landon", "
Lane", "
Lanfranc", "
Langdon", "
Langford", "
Langridge", "
Langshaw", "
Langton", "
Lannaman", "
Lansbury", "
Lansdowne", "
Lappin", "
Larkins", "
Larner", "
Lascelles", "
Latimer", "
Laughton", "
Laurenson", "
Law", "
Lawes", "
Lawrence", "
Lawson", "
Lawton", "
Layard", "
Leach", "
Leacock", "
Leahy", "
Leakey", "
Lean", "
Lear", "
Leary", "
Leavis", "
Lecky", "
Lee", "
Leek", "
Legge", "
Leigh", "
Leighton", "
Leith", "
Leland", "
Lemmon", "
Lennon", "
Lerwill", "
Leslie", "
Lessing", "
Lester", "
Levin", "
Levine", "
Levingston", "
Levins", "
Lewis", "
Leyland", "
Leyton", "
Lick", "
Liddell", "
Lightfoot", "
Lilburne", "
Lilienthal", "
Lillie", "
Lillywhite", "
Lily", "
Lilye", "
Linacre", "
Lindbergh", "
Lindgren", "
Lindley", "
Lindsay", "
Lindsey", "
Linehan", "
Linton", "
Lippincott", "
Lipscomb", "
Lipset", "
Lipson", "
Lipton", "
Lister", "
Littler", "
Littleton", "
Livermore", "
Livingston", "
Livingstone", "
Llewellyn", "
Lloyd", "
Lockhart", "
Logan", "
London", "
Lonergan", "
Long", "
Longfellow", "
Longhurst", "
Lonsdale", "
Lord", "
Lott", "
Love", "
Lovecraft", "
Lowe", "
Lowell", "
Loweth", "
Lucas", "
Luce", "
Lucraft", "
Lugard", "
Lumley", "
Lydgate", "
Lyly", "
Lynch", "
Lynd", "
Lynde", "
Lynton", "
Lyons", "
Lythgoe", "
Lyttelton", "
Lytton", "
Mabe", "
MacAlpine", "
MacArthur", "
Macaulay", "
Macauley", "
MacBride", "
MacDonald", "
MacDonnel", "
MacFarlane", "
MacFarren", "
MacGill", "
MacGregor", "
MacIntosh", "
MacIntyre", "
Mack", "
MacKay", "
MacKenzie", "
MacKey", "
MacKie", "
MacKinlay", "
MacKintosh", "
MacLaine", "
MacLaughlin", "
Maclaurin", "
MacLean", "
MacLeod", "
MacMahon", "
MacManus", "
MacMillan", "
Macnaghten", "
MacNair", "
MacNeice", "
MacNeil", "
MacNeill", "
MacSweeney", "
Macy", "
Maddrell", "
Maguire", "
Mahoney", "
Maihew", "
Maitland", "
Major", "
Makepeace", "
Mallett", "
Malory", "
Malthouse", "
Malthus", "
Mansfield", "
Maple", "
Marett", "
Markham", "
Marland", "
Marlborough", "
Marlowe", "
Marquat", "
Marr", "
Marriott", "
Marsh", "
Marshall", "
Martin", "
Martinson", "
Marven", "
Masefield", "
Mason", "
Massey", "
Masters", "
Matheson", "
Matthews", "
Mauchly", "
Maudslay", "
Maugham", "
Maxwell", "
May", "
Mayer", "
Mayfield", "
Mayhew", "
Maynard", "
Mayweather", "
Maywood", "
McAleese", "
McAllister", "
McAlmont", "
McAlpine", "
McArthur", "
McAvoy", "
McBein", "
McBrain", "
McBride", "
McCabe", "
McCafferty", "
McCall", "
McCallum", "
McCann", "
McCarroll", "
McCarthy", "
McCartney", "
McCarty", "
McClellan", "
McClintock", "
McClure", "
McColgan", "
McCollum", "
McConnell", "
McCorkell", "
McCormack", "
McCormick", "
McCorquodale", "
McCoy", "
McCullagh", "
McCullin", "
McCulloch", "
McCullough", "
McDonald", "
McDonnell", "
McDougall", "
McDowell", "
McElhiney", "
McElwee", "
McEvoy", "
McFadden", "
McFarlane", "
McGill", "
McGinnis", "
McGlynn", "
McGonagle", "
McGough", "
McGovern", "
McGregor", "
McGuigan", "
McGwire", "
McHugh", "
McIntosh", "
McIntyre", "
McKane", "
McKay", "
McKeavney", "
McKee", "
McKellen", "
McKenna", "
McKennitt", "
McKenzie", "
McKeone", "
McKeown", "
McKernan", "
McKerrow", "
McKie", "
McKinney", "
McKinnon", "
McKintosh", "
McKnight", "
McLagan", "
McLaglen", "
McLaren", "
McLaughlin", "
McLean", "
McLennan", "
McLeod", "
McLoughlin", "
McLuhan", "
McMahon", "
McMaster", "
McMath", "
McMillan", "
McMurtry", "
McNair", "
McNally", "
McNamara", "
McNulty", "
McOnie", "
McPartland", "
McPhail", "
McPhee", "
McPherson", "
McQueen", "
McRae", "
McSorley", "
McTeer", "
McVie", "
McWilliams", "
Mear", "
Meegan", "
Meehan", "
Melbourne", "
Mellers", "
Melville", "
Mercury", "
Meredith", "
Merrigan", "
Merrill", "
Merwin", "
Miall", "
Michael", "
Middleton", "
Mill", "
Millar", "
Miller", "
Mills", "
Milne", "
Milnes", "
Milton", "
Milward", "
Minter", "
Minton", "
Mitchell", "
Mixon", "
Moffat", "
Moffett", "
Mogan", "
Mogg", "
Mogridge", "
Moleyns", "
Moloney", "
Monaghan", "
Monckton", "
Moncrief", "
Monroe", "
Montagu", "
Montague", "
Monteith", "
Montgomery", "
Moodie", "
Moon", "
Mooney", "
Moorcroft", "
Moore", "
Moorehead", "
Morahan", "
Moran", "
More", "
Morgan", "
Morgans", "
Morlan", "
Morley", "
Moroney", "
Morpeth", "
Morphew", "
Morris", "
Morrison", "
Morrissey", "
Morrow", "
Morse", "
Mort", "
Mortimer", "
Morton", "
Moseley", "
Moses", "
Mosley", "
Moss", "
Mott", "
Mottelay", "
Moulding", "
Muggeridge", "
Muir", "
Muirhead", "
Mulcahy", "
Mulligan", "
Mundy", "
Munro", "
Munroe", "
Murdoch", "
Murdock", "
Murphy", "
Murray", "
Murt", "
Musgrave", "
Musson", "
Mutton", "
Mycroft", "
Myler", "
Napier", "
Nash", "
Neal", "
Neely", "
Neeson", "
Nelson", "
Nettleship", "
Neville", "
Newell", "
Newhouse", "
Newlands", "
Newman", "
Newmark", "
Newton", "
Nicell", "
Nicholls", "
Nichols", "
Nicholson", "
Nicks", "
Nicol", "
Nicolson", "
Nipher", "
Nish", "
Nixon", "
Noakes", "
Noel", "
Nolan", "
Nordley", "
Norfolk", "
Norman", "
Norris", "
Norrish", "
North", "
Northam", "
Northmore", "
Northrop", "
Norton", "
O'Brian", "
O'Brien", "
O'Byrne", "
O'Callaghan", "
O'Casey", "
O'Connell", "
O'Connor", "
O'Crowley", "
O'Doherty", "
O'Donnell", "
O'Donoghue", "
O'Duffy", "
O'Fallon", "
O'Farrell", "
O'Flaherty", "
O'Grady", "
O'Hara", "
O'Hare", "
O'Herlihy", "
O'Higgins", "
O'Keeffe", "
O'Kelly", "
O'Leary", "
O'List", "
O'Malley", "
O'Meara", "
O'Neill", "
O'Reilly", "
O'Riordan", "
O'Rourke", "
O'Shaughnessy", "
O'Shea", "
O'Sullivan", "
O'Toole", "
Oakes", "
Oakeshott", "
Oakwood", "
Oates", "
Occleve", "
Odam", "
Odets", "
Odum", "
Offley", "
Ogburn", "
Ogden", "
Ogg", "
Oldcastle", "
Oldfield", "
Oldham", "
Oldman", "
Oliphant", "
Oliver", "
Olivier", "
Olmsted", "
Olney", "
Olsen", "
Olyphant", "
Oman", "
Onions", "
Orange", "
Ormond", "
Orr", "
Orwell", "
Osbern", "
Osborn", "
Osborne", "
Osbourne", "
Otis", "
Otway", "
Oudney", "
Oughtred", "
Ovett", "
Owen", "
Owens", "
Oxford", "
Oxley", "
Pace", "
Packer", "
Page", "
Paice", "
Pain", "
Paley", "
Palin", "
Palmer", "
Pape", "
Pargeter", "
Park", "
Parker", "
Parkes", "
Parkin", "
Parkins", "
Parkinson", "
Parr", "
Parry", "
Parsons", "
Partland", "
Partridge", "
Pascoe", "
Paston", "
Paterson", "
Patten", "
Pattenden", "
Patterson", "
Paulson", "
Paxton", "
Payne", "
Peabody", "
Peace", "
Peake", "
Peakman", "
Pearce", "
Pearl", "
Pearson", "
Pease", "
Peel", "
Peirce", "
Pelham", "
Pelling", "
Pemberton", "
Pendry", "
Penford", "
Pennington", "
Penry", "
Pepper", "
Perceval", "
Percy", "
Perkins", "
Perks", "
Perrers", "
Perry", "
Pershing", "
Pester", "
Peters", "
Peyton", "
Phelan", "
Philips", "
Phillips", "
Phillipson", "
Phillpotts", "
Philpot", "
Phoenix", "
Pickering", "
Pickles", "
Pierce", "
Pilcher", "
Pilkington", "
Pincott", "
Pinter", "
Pirie", "
Pitman", "
Pitt", "
Pitts", "
Plaisted", "
Plant", "
Plender", "
Plowright", "
Pointer", "
Pollock", "
Ponting", "
Poole", "
Porter", "
Postlethwaite", "
Poswell", "
Potter", "
Pottinger", "
Potts", "
Powell", "
Power", "
Preece", "
Prescott", "
Press", "
Preston", "
Price", "
Prichard", "
Pridgen", "
Pridmore", "
Priestley", "
Prime", "
Primrose", "
Pritchett", "
Probert", "
Prosser", "
Proudfoot", "
Prouse", "
Prowse", "
Pryce", "
Pugh", "
Purcell", "
Pyle", "
Quaife", "
Quemby", "
Quigley", "
Quilter", "
Quin", "
Quine", "
Quinlan", "
Quinn", "
Quinton", "
Quirk", "
Rabkin", "
Rackham", "
Radcliffe", "
Radford", "
Rae", "
Rafferty", "
Raikes", "
Raine", "
Rainwater", "
Rake", "
Raleigh", "
Rampling", "
Ramsay", "
Ramsey", "
Rance", "
Rand", "
Randall", "
Randolph", "
Rangeley", "
Rankin", "
Ransome", "
Rapp", "
Raskin", "
Ratcliffe", "
Rathbone", "
Ratledge", "
Ravenscroft", "
Rawle", "
Rawsthorne", "
Ray", "
Raymond", "
Raynor", "
Read", "
Reade", "
Reber", "
Recorde", "
Reddie", "
Redding", "
Reddington", "
Redfield", "
Redford", "
Redgrave", "
Redmayne", "
Redmond", "
Redrup", "
Reece", "
Reed", "
Rees", "
Reese", "
Reeves", "
Regan", "
Reid", "
Reilly", "
Relf", "
Remington", "
Renfield", "
Renshaw", "
Reston", "
Reuther", "
Revere", "
Reyleigh", "
Reynolds", "
Rhodes", "
Rice", "
Rich", "
Richards", "
Richardson", "
Richmond", "
Rickman", "
Rickwood", "
Riddell", "
Riddle", "
Rider", "
Ridgway", "
Ridley", "
Ridout", "
Riesman", "
Rifkined", "
Rigby", "
Riley", "
Rimmell", "
Rimmer", "
Rimmington", "
Riordan", "
Ritchie", "
Roache", "
Roberts", "
Robertson", "
Robins", "
Robinson", "
Robson", "
Rockefeller", "
Rockingham", "
Rockwell", "
Rodford", "
Rodger", "
Rodgers", "
Rodham", "
Rodney", "
Roger", "
Rogers", "
Ronan", "
Rooke", "
Rooney", "
Roosevelt", "
Root", "
Rootham", "
Roper", "
Rose", "
Ross", "
Rosser", "
Rosseter", "
Rothery", "
Rowland", "
Rowlands", "
Rowlatt", "
Rowling", "
Rowntree", "
Roy", "
Royce", "
Royle", "
Rudman", "
Rumbelow", "
Runchman", "
Runciman", "
Rundall", "
Rush", "
Ruskin", "
Russ", "
Russell", "
Rust", "
Ruth", "
Rutherford", "
Rutland", "
Ryan", "
Rylands", "
Ryle", "
Ryles", "
Sabine", "
Saintsbury", "
Salinger", "
Salisbury", "
Salk", "
Sallis", "
Samms", "
Sampson", "
Samson", "
Samwell", "
Sanders", "
Sanderson", "
Sandford", "
Sands", "
Sangster", "
Sansom", "
Sargent", "
Saunders", "
Savery", "
Sawyer", "
Saxon", "
Sayers", "
Scale", "
Scanlan", "
Scarfe", "
Schlesinger", "
Scholes", "
Scotney", "
Scott", "
Scriven", "
Scully", "
Seager", "
Seagrove", "
Seale", "
Seals", "
Seaman", "
Sear", "
Searle", "
Sears", "
Seaton", "
Seberg", "
Sedgwick", "
Seeley", "
Seiwell", "
Selden", "
Selfe", "
Seligman", "
Sellers", "
Selsam", "
Selvidge", "
Selway", "
Selwyn", "
Sennett", "
Sensible", "
Service", "
Sessions", "
Seton", "
Sewell", "
Sexby", "
Sexton", "
Seymour", "
Shaftesbury", "
Shakespeare", "
Shaman", "
Shamrock", "
Shankly", "
Shannon", "
Sharman", "
Sharp", "
Sharpe", "
Sharrock", "
Shaughnessy", "
Shaw", "
Shearer", "
Shearsmith", "
Sheehan", "
Sheen", "
Sheeran", "
Sheffield", "
Shelley", "
Shelvey", "
Shepherd", "
Sheppard", "
Sheridan", "
Sheringham", "
Sherry", "
Sherwood", "
Sheward", "
Shield", "
Shirley", "
Shoebridge", "
Shoemaker", "
Shortt", "
Sidney", "
Sillitoe", "
Simm", "
Simmons", "
Simon", "
Simons", "
Simpson", "
Sinclair", "
Sinfield", "
Sisley", "
Skeffington", "
Skelding", "
Skinner", "
Skone", "
Slade", "
Slater", "
Slattery", "
Sloan", "
Slocombe", "
Sly", "
Smallwood", "
Smart", "
Smith", "
Smyth", "
Smythe", "
Snell", "
Snelling", "
Snow", "
Soane", "
Soddy", "
Sollars", "
Solley", "
Solow", "
Somers", "
Soper", "
Sorby", "
Sotherland", "
Sotherton", "
Soule", "
Sowell", "
Spark", "
Speake", "
Spearing", "
Spedding", "
Spence", "
Spencer", "
Spendlove", "
Spenser", "
Spiers", "
Spooner", "
Spring", "
Springfield", "
Spurgeon", "
Squire", "
Stacey", "
Stainton", "
Stamp", "
Standing", "
Stanfield", "
Stanford", "
Stanley", "
Stansfield", "
Stanton", "
Stapledon", "
Staples", "
Stapleton", "
Star", "
Starkey", "
Starrett", "
Steel", "
Steele", "
Steiner", "
Stephen", "
Stephens", "
Stephenson", "
Stepney", "
Stirling", "
Stockdale", "
Stockwin", "
Stokes", "
Stone", "
Stoney", "
Stoppard", "
Storace", "
Storey", "
Stowe", "
Street", "
Stride", "
Stuart", "
Stubbs", "
Stynes", "
Such", "
Suckville", "
Sullivan", "
Summerhayes", "
Summers", "
Summerskill", "
Sumner", "
Sutcliff", "
Sutherland", "
Sutton", "
Swan", "
Sweeney", "
Sweetman", "
Swift", "
Swingler", "
Swinnerton", "
Syers", "
Sykes", "
Symes", "
Temperton", "
Temple", "
Tennant", "
Tenniel", "
Tennyson", "
Tester", "
Thackeray", "
Thackwell", "
Thatcher", "
Thayer", "
Theiler", "
Thewlis", "
Thokell", "
Thomas", "
Thompson", "
Thomson", "
Thorn", "
Thorndike", "
Thorne", "
Thornhill", "
Thornley", "
Thornton", "
Thorpe", "
Thurgood", "
Thurman", "
Tierney", "
Tillett", "
Tillotson", "
Tillyard", "
Timberlake", "
Tiner", "
Tippett", "
Tiptoft", "
Titchmarsh", "
Tobias", "
Tohill", "
Tolman", "
Tomlins", "
Took", "
Toomey", "
Tovey", "
Towler", "
Townsend", "
Townshend", "
Toye", "
Toynbee", "
Tragett", "
Travers", "
Traylor", "
Traynor", "
Trevor", "
Trewavas", "
Truman", "
Tucker", "
Tudor", "
Tunstall", "
Turnbull", "
Turner", "
Turnour", "
Twigger", "
Tye", "
Tyler", "
Tyndale", "
Tyrwhitt", "
Tysoe", "
Underhill", "
Underwood", "
Uniacke", "
Upshaw", "
Upson", "
Urquhart", "
Utley", "
Uttley", "
Vaughan", "
Vernon", "
Vickers", "
Vincent", "
Waddingham", "
Waddington", "
Wade", "
Wain", "
Wainwright", "
Wakeling", "
Wakeman", "
Waldron", "
Wales", "
Walford", "
Walker", "
Walkinshaw", "
Wall", "
Washburn", "
Washington", "
Waterhouse", "
Waters", "
Watkinson", "
Watmore", "
Watson", "
Watt", "
Watts", "
Waugh", "
Waylett", "
Wayne", "
Webb", "
Webber", "
Webster", "
Wedgwood", "
Weeden", "
Weight", "
Weinberg", "
Weinberger", "
Weir", "
Welbourn", "
Welch", "
Weller", "
Welles", "
Wellesley", "
Wellington", "
Wells", "
Welsh", "
Welton", "
Welty", "
Wentworth", "
Wesley", "
West", "
Westbrook", "
Westmoreland", "
Wheelwright", "
Whelan", "
Whelbourne", "
Whight", "
Whishaw", "
Whistler", "
Whiston", "
Whitaker", "
Whitbread", "
White", "
Whitefield", "
Whitehead", "
Whiteley", "
Whiteway", "
Whitford", "
Whiting", "
Wight", "
Wilberforce", "
Wilby", "
Wilbye", "
Wilcox", "
Wilde", "
Wilder", "
Wilkes", "
Wilkie", "
Wilkins", "
Wilkinson", "
Wilks", "
Willcocks", "
Williams", "
Williamson", "
Willis", "
Willmott", "
Willoughby", "
Wills", "
Wilmington", "
Wilmot", "
Wilson", "
Wimberley", "
Wimbury", "
Winchcombe", "
Windsor", "
Wingate", "
Wingfield", "
Winslet", "
Winston", "
Winstone", "
Winter", "
Winters", "
Winterson", "
Wisdom", "
Wise", "
Wishart", "
Withers", "
Witherspoon", "
Witting", "
Witty", "
Wodehouse", "
Wolf", "
Wolfenden", "
Wolsey", "
Wood", "
Woodman", "
Woods", "
Woodville", "
Woodward", "
Worthington", "
Wray", "
Wren", "
Wyman", "
Yates", "
York", "
Yorke", "
Young", "
Zindell"
